"X.Y..m..d","DANISH"
"1980-01-03",1.68374817
"1980-01-04",2.093704246
"1980-01-05",1.732581259
"1980-01-07",1.779754026
"1980-01-07",4.612005857
"1980-01-10",8.725273792
"1980-01-10",7.89897511
"1980-01-16",2.208045388
"1980-01-16",1.486090776
"1980-01-19",2.796171303
"1980-01-21",7.320644217
"1980-01-21",3.36749634
"1980-01-24",1.464128843
"1980-01-25",1.722222548
"1980-01-26",11.37481698
"1980-01-26",2.482739385
"1980-01-28",26.21464129
"1980-02-03",2.002430454
"1980-02-05",4.530014641
"1980-02-07",1.841752562
"1980-02-10",3.806734993
"1980-02-13",14.12207613
"1980-02-16",5.424253294
"1980-02-19",11.71303075
"1980-02-20",1.515373353
"1980-02-21",2.53858858
"1980-02-22",2.049780381
"1980-02-23",12.46559297
"1980-02-25",1.735445095
"1980-02-27",1.68374817
"1980-03-07",3.323852123
"1980-03-13",1.82102489
"1980-03-13",2.415812592
"1980-03-13",1.464128843
"1980-03-17",5.875901903
"1980-03-20",1.792439239
"1980-03-21",3.338213763
"1980-03-22",1.584487555
"1980-03-26",1.931320644
"1980-04-06",2.049780381
"1980-04-10",1.573758419
"1980-04-11",1.756954612
"1980-04-14",4.931185944
"1980-04-15",5.41727672
"1980-04-16",1.537335286
"1980-04-25",17.56954612
"1980-04-25",1.691122987
"1980-04-26",1.581612006
"1980-05-01",1.467115666
"1980-05-01",2.049780381
"1980-05-02",1.928711567
"1980-05-02",3.263153734
"1980-05-04",1.704245974
"1980-05-07",2.074607613
"1980-05-09",3.294289898
"1980-05-10",1.83997511
"1980-05-16",7.320644217
"1980-05-18",7.320644217
"1980-05-20",1.576215227
"1980-05-20",4.856098097
"1980-05-21",1.542275256
"1980-05-26",13.62079063
"1980-05-29",1.756954612
"1980-05-29",1.639824305
"1980-06-02",2.036377745
"1980-06-03",21.96193265
"1980-06-11",1.799026354
"1980-06-12",2.452415813
"1980-06-15",2.669106881
"1980-06-15",2.024146413
"1980-06-16",1.724743777
"1980-06-17",1.643863836
"1980-06-21",1.96193265
"1980-06-30",4.626647145
"1980-07-02",1.464128843
"1980-07-04",3.963250366
"1980-07-04",5.563852123
"1980-07-07",4.39238653
"1980-07-10",3.640313324
"1980-07-12",1.677891654
"1980-07-14",1.449487555
"1980-07-15",263.250366
"1980-07-25",2.500732064
"1980-07-26",1.825768668
"1980-07-26",9.882869693
"1980-07-28",2.146617862
"1980-07-29",2.870259151
"1980-08-07",6.319913616
"1980-08-08",2.123461201
"1980-08-08",2.9238653
"1980-08-11",2.036376281
"1980-08-18",1.736456808
"1980-08-18",2.049780381
"1980-08-20",1.903367496
"1980-08-21",1.610541728
"1980-08-23",1.717423133
"1980-08-23",3.129437775
"1980-08-27",2.05195754
"1980-08-28",1.967518302
"1980-08-28",2.102489019
"1980-08-28",3.259150805
"1980-08-30",1.998535871
"1980-08-30",5.41727672
"1980-09-02",2.819836018
"1980-09-04",3.697083455
"1980-09-05",2.045387994
"1980-09-05",2.679355783
"1980-09-08",3.426224012
"1980-09-11",1.588579795
"1980-09-12",4.262871157
"1980-09-12",1.755859444
"1980-09-14",1.987005857
"1980-09-15",1.661925329
"1980-09-15",7.613469985
"1980-09-15",1.794878477
"1980-09-15",6.674816984
"1980-09-25",2.185944363
"1980-09-28",3.855051245
"1980-09-30",3.221083455
"1980-10-01",2.122986823
"1980-10-01",1.760291362
"1980-10-06",2.041653001
"1980-10-07",3.755938507
"1980-10-07",2.242111274
"1980-10-08",1.721112738
"1980-10-09",1.464128843
"1980-10-12",4.711891654
"1980-10-14",2.153824305
"1980-10-16",3.874812592
"1980-10-17",19.07027818
"1980-10-20",1.887262079
"1980-10-23",1.464128843
"1980-10-24",1.536163982
"1980-10-25",2.560065886
"1980-10-27",2.799707174
"1980-10-29",2.01317716
"1980-10-30",1.464128843
"1980-11-05",6.325036603
"1980-11-07",1.567300146
"1980-11-09",2.196193265
"1980-11-10",2.335285505
"1980-11-13",2.115666179
"1980-11-14",1.469544656
"1980-11-18",5.402635432
"1980-11-18",5.314787701
"1980-11-19",2.872620791
"1980-11-20",2.781844802
"1980-11-25",2.576821376
"1980-12-06",3.10102489
"1980-12-07",1.464128843
"1980-12-08",2.049780381
"1980-12-09",1.96193265
"1980-12-09",1.464128843
"1980-12-09",2.635431918
"1980-12-10",1.464128843
"1980-12-10",5.856515373
"1980-12-12",3.294289898
"1980-12-14",2.520856515
"1980-12-17",19.47291362
"1980-12-17",1.835462665
"1980-12-19",2.049780381
"1980-12-23",2.783308931
"1980-12-25",2.781844802
"1980-12-26",1.756954612
"1980-12-27",2.840409956
"1980-12-31",2.330893119
"1981-01-01",1.756225426
"1981-01-01",1.314547837
"1981-01-01",2.403971166
"1981-01-03",6.915630406
"1981-01-07",1.491876802
"1981-01-17",1.532395806
"1981-01-23",1.873861075
"1981-01-26",1.815203145
"1981-01-31",8.256880734
"1981-02-02",1.410204456
"1981-02-07",2.206625164
"1981-02-10",34.14154653
"1981-02-10",2.443310616
"1981-02-13",3.594369594
"1981-02-13",2.372214941
"1981-02-15",3.669724771
"1981-02-17",6.888453473
"1981-02-19",1.802096986
"1981-02-19",1.441677588
"1981-02-23",9.174311927
"1981-02-27",2.096985583
"1981-03-01",2.814547837
"1981-03-01",1.684903014
"1981-03-04",2.099606815
"1981-03-09",2.621231979
"1981-03-10",1.376146789
"1981-03-12",1.664482307
"1981-03-13",2.359108781
"1981-03-16",4.136487549
"1981-03-19",1.394395806
"1981-03-23",1.802096986
"1981-03-24",1.819134993
"1981-03-24",1.513761468
"1981-03-27",3.080773263
"1981-04-01",20.96985583
"1981-04-10",4.193971166
"1981-04-13",1.861643512
"1981-04-18",2.49672346
"1981-04-20",2.213781127
"1981-04-20",5.242463958
"1981-04-22",1.32225426
"1981-04-23",8.551769332
"1981-04-24",1.965923984
"1981-04-25",12.89515072
"1981-04-26",1.788990826
"1981-04-26",2.176826999
"1981-04-27",8.777627785
"1981-04-27",1.815203145
"1981-04-29",1.683140236
"1981-04-29",3.643512451
"1981-05-02",1.613368283
"1981-05-03",1.467889908
"1981-05-05",1.405604194
"1981-05-06",3.120803408
"1981-05-11",1.598180865
"1981-05-13",3.80078637
"1981-05-14",1.510089122
"1981-05-16",1.572739187
"1981-05-16",1.830052425
"1981-05-21",2.621231979
"1981-05-21",2.806480996
"1981-05-23",1.357798165
"1981-05-24",1.618610747
"1981-05-25",1.965923984
"1981-05-28",3.022280472
"1981-05-29",56.22542595
"1981-05-31",4.98034076
"1981-06-02",1.987162516
"1981-06-14",1.965923984
"1981-06-16",2.711292267
"1981-06-17",1.900393185
"1981-06-18",1.723460026
"1981-06-18",1.572739187
"1981-06-19",1.703800786
"1981-06-19",3.01965924
"1981-06-21",1.834862385
"1981-06-24",1.419397117
"1981-06-29",4.390563565
"1981-06-30",7.863695937
"1981-07-01",1.572739187
"1981-07-01",1.336613368
"1981-07-05",1.703800786
"1981-07-07",2.635622543
"1981-07-10",1.864718218
"1981-07-11",1.457754915
"1981-07-11",7.558322412
"1981-07-12",2.031397117
"1981-07-20",1.349934469
"1981-07-26",1.474862385
"1981-07-28",5.111402359
"1981-07-30",5.242463958
"1981-07-31",1.441677588
"1981-08-04",3.936138925
"1981-08-05",4.062909567
"1981-08-11",1.376146789
"1981-08-19",1.684141547
"1981-08-19",1.440619921
"1981-08-25",1.364549148
"1981-08-25",1.572739187
"1981-08-27",2.185422018
"1981-08-27",3.281346003
"1981-08-27",1.363100917
"1981-08-28",2.123197903
"1981-08-28",2.634338139
"1981-08-28",2.098296199
"1981-08-29",3.434352556
"1981-09-01",1.478795544
"1981-09-02",2.621231979
"1981-09-03",3.001310616
"1981-09-04",1.429733945
"1981-09-06",10.22280472
"1981-09-09",2.579395806
"1981-09-09",1.755359109
"1981-09-10",1.47340498
"1981-09-11",1.952817824
"1981-09-14",1.779868938
"1981-09-15",1.986862385
"1981-09-16",1.939711664
"1981-09-17",1.675900393
"1981-09-17",1.572739187
"1981-09-19",2.524901704
"1981-09-19",14.67889908
"1981-09-20",3.034076016
"1981-09-21",1.979030144
"1981-09-22",5.937758847
"1981-09-26",1.441677588
"1981-09-29",2.621231979
"1981-10-01",2.038007864
"1981-10-03",3.75491481
"1981-10-07",2.43774574
"1981-10-07",1.702031455
"1981-10-11",7.109870249
"1981-10-15",2.01965924
"1981-10-17",1.85049017
"1981-10-18",1.415950197
"1981-10-22",7.693315858
"1981-10-25",3.014416776
"1981-10-27",2.359108781
"1981-10-28",1.592315858
"1981-11-01",1.389252949
"1981-11-01",1.332968545
"1981-11-03",1.423328965
"1981-11-03",2.977571429
"1981-11-05",1.387355177
"1981-11-05",1.404980341
"1981-11-08",2.621231979
"1981-11-13",4.279161206
"1981-11-15",1.605504587
"1981-11-16",2.011795544
"1981-11-17",2.267365662
"1981-11-17",1.464650066
"1981-11-19",3.374065531
"1981-11-22",1.490799476
"1981-11-24",2.096985583
"1981-11-25",1.570166448
"1981-11-25",1.376146789
"1981-12-01",3.145478375
"1981-12-07",8.453735256
"1981-12-10",3.033283093
"1981-12-13",2.064220183
"1981-12-14",6.422018349
"1981-12-14",1.89878768
"1981-12-18",1.49017038
"1981-12-21",50.0655308
"1981-12-21",1.559633028
"1981-12-22",1.965923984
"1981-12-28",1.800052425
"1981-12-29",2.424639581
"1981-12-29",1.31061599
"1981-12-31",1.612057667
"1982-01-06",4.221165279
"1982-01-08",1.260404281
"1982-01-08",1.403693222
"1982-01-09",1.297265161
"1982-01-13",1.927492271
"1982-01-13",1.915457788
"1982-01-14",1.207451843
"1982-01-17",5.69858264
"1982-01-21",1.902497027
"1982-01-22",1.189134364
"1982-01-22",10.17802378
"1982-01-22",1.602079667
"1982-01-24",4.161712247
"1982-01-28",2.363049941
"1982-01-29",1.965043995
"1982-02-01",1.945982164
"1982-02-01",2.853745541
"1982-02-03",1.202439952
"1982-02-04",10.82045184
"1982-02-04",1.588763377
"1982-02-04",2.096349584
"1982-02-05",5.469678954
"1982-02-07",1.892984542
"1982-02-08",2.033293698
"1982-02-09",1.605231867
"1982-02-16",1.403091558
"1982-02-22",1.195005945
"1982-02-25",3.246135553
"1982-02-27",1.263122473
"1982-02-27",2.972651605
"1982-02-28",1.204950059
"1982-02-28",1.881273484
"1982-02-28",1.783590963
"1982-03-07",3.923900119
"1982-03-07",1.902497027
"1982-03-10",1.664684899
"1982-03-10",4.452825208
"1982-03-19",1.32362069
"1982-03-20",1.605231867
"1982-03-22",24.97027348
"1982-03-25",2.734839477
"1982-03-29",1.783590963
"1982-04-05",1.810939358
"1982-04-05",2.114149822
"1982-04-11",1.391200951
"1982-04-12",1.346016647
"1982-04-12",1.507384067
"1982-04-14",1.940487515
"1982-04-14",2.56979786
"1982-04-18",1.580765755
"1982-04-18",1.487514863
"1982-04-20",1.521997622
"1982-04-21",1.690844233
"1982-04-22",1.783590963
"1982-04-24",1.258865636
"1982-04-24",1.573747919
"1982-04-24",1.467300832
"1982-04-25",2.713705113
"1982-04-25",2.736028537
"1982-04-27",1.456599287
"1982-04-28",2.137431629
"1982-04-28",2.479090369
"1982-05-01",2.378121284
"1982-05-01",4.637336504
"1982-05-02",1.189060642
"1982-05-03",1.545778835
"1982-05-08",2.342449465
"1982-05-12",2.337693222
"1982-05-16",1.397146254
"1982-05-23",4.221165279
"1982-05-31",1.639952438
"1982-06-03",1.218787158
"1982-06-06",3.68608799
"1982-06-07",2.497027348
"1982-06-08",2.497027348
"1982-06-10",5.231866825
"1982-06-10",1.307966706
"1982-06-11",1.268124851
"1982-06-16",2.165279429
"1982-06-17",4.640192628
"1982-06-17",2.972651605
"1982-06-22",1.664684899
"1982-06-24",1.189060642
"1982-06-27",11.89060642
"1982-07-01",2.865636147
"1982-07-01",1.24436742
"1982-07-03",1.724137931
"1982-07-11",5.695600476
"1982-07-14",1.35956956
"1982-07-14",7.07491082
"1982-07-15",1.403475624
"1982-07-15",1.402418549
"1982-07-19",1.319857313
"1982-07-21",4.320588585
"1982-07-24",1.843043995
"1982-07-24",1.414982164
"1982-07-26",1.486325803
"1982-07-27",4.946032105
"1982-07-28",1.913198573
"1982-07-29",20.04994055
"1982-07-29",1.436507729
"1982-07-31",5.507728894
"1982-08-01",3.210463734
"1982-08-02",1.399328181
"1982-08-04",5.001734839
"1982-08-04",3.448275862
"1982-08-05",3.55648038
"1982-08-05",1.357568371
"1982-08-06",2.131511296
"1982-08-06",1.84188585
"1982-08-07",1.426872771
"1982-08-09",2.417598098
"1982-08-11",1.252154578
"1982-08-12",1.899702735
"1982-08-13",1.559183115
"1982-08-20",1.24925327
"1982-08-21",1.903241379
"1982-08-23",1.605231867
"1982-08-24",2.22965874
"1982-08-27",1.212841855
"1982-08-30",3.448275862
"1982-09-03",1.243267539
"1982-09-06",1.674931034
"1982-09-08",1.353151011
"1982-09-10",1.78754459
"1982-09-10",2.03686088
"1982-09-13",1.973840666
"1982-09-14",1.640903686
"1982-09-18",2.909932224
"1982-09-18",2.550958383
"1982-09-19",1.807372176
"1982-09-20",4.002577883
"1982-09-22",1.426872771
"1982-09-28",2.343111772
"1982-09-30",1.38882283
"1982-10-01",4.173602854
"1982-10-03",1.278537455
"1982-10-04",3.558858502
"1982-10-06",1.200149822
"1982-10-16",1.551234245
"1982-10-24",1.699619501
"1982-10-24",65.70749108
"1982-10-27",27.26259453
"1982-10-27",15.92627824
"1982-10-31",1.279497027
"1982-11-01",3.098441141
"1982-11-06",2.94696195
"1982-11-07",1.224732461
"1982-11-08",1.664684899
"1982-11-09",1.319601665
"1982-11-11",1.516599287
"1982-11-11",1.273230678
"1982-11-11",1.664684899
"1982-11-13",1.307966706
"1982-11-15",5.469678954
"1982-11-20",1.248513674
"1982-11-21",1.986825208
"1982-11-22",1.426872771
"1982-11-23",1.426872771
"1982-11-23",2.164090369
"1982-11-24",2.140309156
"1982-11-25",1.307966706
"1982-11-25",1.498384067
"1982-11-27",1.688466112
"1982-12-01",1.83994887
"1982-12-02",4.375743163
"1982-12-02",1.786692033
"1982-12-07",1.655944114
"1982-12-09",1.189060642
"1982-12-10",3.85075981
"1982-12-10",4.161712247
"1982-12-20",2.140309156
"1982-12-20",2.140309156
"1982-12-20",2.615933413
"1982-12-23",4.161712247
"1982-12-24",22.25822592
"1982-12-25",2.25921522
"1982-12-25",4.280618312
"1982-12-25",1.306247325
"1982-12-27",5.588585018
"1982-12-31",2.794292509
"1983-01-03",1.44160178
"1983-01-03",1.349646274
"1983-01-07",1.565072303
"1983-01-09",1.112347052
"1983-01-10",2.810163515
"1983-01-15",1.783452725
"1983-01-18",2.128698554
"1983-01-19",4.349276974
"1983-01-23",2.710789766
"1983-01-24",1.134593993
"1983-01-25",2.623686318
"1983-01-30",2.393770857
"1983-02-03",6.234705228
"1983-02-08",1.378197998
"1983-02-09",1.216907675
"1983-02-11",1.163515017
"1983-02-12",2.459407119
"1983-02-14",4.727474972
"1983-02-14",1.557285873
"1983-02-17",1.307007786
"1983-02-18",3.14349277
"1983-02-20",1.197107898
"1983-02-21",1.167964405
"1983-02-24",1.112347052
"1983-03-18",1.779755284
"1983-03-21",1.64740267
"1983-03-21",1.72369188
"1983-03-22",5.561735261
"1983-03-23",1.334816463
"1983-03-24",1.446051168
"1983-03-28",1.334816463
"1983-04-01",1.590656285
"1983-04-05",1.112347052
"1983-04-06",3.03243604
"1983-04-10",3.786429366
"1983-04-11",2.224694105
"1983-04-12",2.447163515
"1983-04-15",10.01112347
"1983-04-17",1.163547275
"1983-04-18",1.112347052
"1983-04-18",3.152863181
"1983-04-20",3.726362625
"1983-04-21",4.449388209
"1983-04-21",2.281263626
"1983-04-24",3.559510567
"1983-05-04",4.449388209
"1983-05-10",1.209121246
"1983-05-13",1.156840934
"1983-05-14",2.224694105
"1983-05-17",1.240266963
"1983-05-18",1.15925584
"1983-05-24",1.668520578
"1983-05-27",3.337041157
"1983-05-29",10.07230256
"1983-06-06",2.141268076
"1983-06-07",1.474972191
"1983-06-10",1.112347052
"1983-06-10",1.689655172
"1983-06-17",1.668520578
"1983-06-19",1.617352614
"1983-06-22",1.112347052
"1983-06-23",2.169076752
"1983-06-24",1.493882091
"1983-06-29",1.408231368
"1983-07-01",2.502780868
"1983-07-03",2.258064516
"1983-07-03",3.726362625
"1983-07-04",1.893699666
"1983-07-04",1.704115684
"1983-07-07",2.342854283
"1983-07-08",1.946607341
"1983-07-12",1.27919911
"1983-07-15",1.510696329
"1983-07-17",2.447163515
"1983-07-18",3.675194661
"1983-07-19",2.378241379
"1983-07-20",1.774193548
"1983-07-20",1.51512792
"1983-07-25",2.234705228
"1983-07-25",1.816462736
"1983-08-02",3.448275862
"1983-08-05",4.67185762
"1983-08-09",1.156840934
"1983-08-16",1.223581758
"1983-08-16",4.078929922
"1983-08-17",1.19243604
"1983-08-22",1.204093437
"1983-08-22",2.55839822
"1983-08-22",1.618464961
"1983-08-23",1.822024472
"1983-08-25",1.61056396
"1983-08-25",1.860956618
"1983-08-25",7.992070078
"1983-08-28",1.785317019
"1983-08-30",4.89432703
"1983-08-31",2.52057842
"1983-08-31",1.394883204
"1983-08-31",1.390433815
"1983-09-01",1.297179088
"1983-09-01",3.670745273
"1983-09-03",3.876529477
"1983-09-03",3.587319244
"1983-09-04",1.437954394
"1983-09-05",1.17527475
"1983-09-08",1.501668521
"1983-09-09",1.506003337
"1983-09-13",5.925472747
"1983-09-16",12.63181313
"1983-09-16",3.061179088
"1983-09-17",1.436040044
"1983-09-18",2.27919911
"1983-09-18",1.491766407
"1983-09-19",6.916553949
"1983-09-21",1.604229143
"1983-09-25",1.668520578
"1983-09-25",1.157211346
"1983-09-27",1.320355951
"1983-09-29",3.448275862
"1983-10-01",1.975761958
"1983-10-02",1.85650723
"1983-10-03",2.002224694
"1983-10-03",5.300503893
"1983-10-05",4.004449388
"1983-10-06",1.124468298
"1983-10-07",1.546494994
"1983-10-11",2.55839822
"1983-10-20",1.47916574
"1983-10-22",1.259399333
"1983-10-22",3.197997775
"1983-10-24",3.114571746
"1983-10-27",1.312569522
"1983-11-01",5.672969967
"1983-11-13",13.34816463
"1983-11-15",11.43159066
"1983-11-16",4.259176863
"1983-11-23",3.366826474
"1983-11-25",1.112347052
"1983-11-26",1.112347052
"1983-11-28",1.446051168
"1983-11-30",2.073114572
"1983-12-07",1.223581758
"1983-12-15",1.612903226
"1983-12-17",1.319243604
"1983-12-19",1.129032258
"1983-12-20",2.33592881
"1983-12-23",1.724137931
"1983-12-24",11.12347052
"1983-12-25",1.668520578
"1983-12-25",1.557285873
"1983-12-27",1.557285873
"1983-12-27",1.933311457
"1983-12-27",1.724137931
"1983-12-30",1.501668521
"1984-01-01",2.207434555
"1984-01-01",1.047120419
"1984-01-02",1.425361257
"1984-01-04",1.361256545
"1984-01-07",9.314136126
"1984-01-08",1.644890052
"1984-01-09",2.617801047
"1984-01-10",2.541112042
"1984-01-14",1.570680628
"1984-01-15",1.256544503
"1984-01-31",1.458638743
"1984-02-06",1.047120419
"1984-02-07",2.231413613
"1984-02-07",2.19895288
"1984-02-16",5.02617801
"1984-02-25",2.408376963
"1984-02-28",1.65217801
"1984-02-29",1.151832461
"1984-03-06",1.31968377
"1984-03-06",2.701570681
"1984-03-06",2.544502618
"1984-03-07",2.356020942
"1984-03-07",1.256544503
"1984-03-08",1.67539267
"1984-03-09",1.361256545
"1984-03-12",3.87434555
"1984-03-15",1.769633508
"1984-03-17",1.118324607
"1984-03-17",2.209424084
"1984-03-19",1.098429319
"1984-03-25",1.151832461
"1984-03-27",2.963749738
"1984-03-28",11.62303665
"1984-03-28",14.29319372
"1984-04-03",1.287958115
"1984-04-07",1.465968586
"1984-04-14",13.62303665
"1984-04-19",1.129842932
"1984-04-19",2.403141361
"1984-04-22",5.445026178
"1984-04-25",1.046910995
"1984-04-26",1.059162304
"1984-04-26",2.094240838
"1984-04-26",1.855497382
"1984-04-27",1.570680628
"1984-04-27",1.937172775
"1984-04-30",2.203141361
"1984-05-02",2.460732984
"1984-05-12",1.427616754
"1984-05-12",1.735078534
"1984-05-13",4.083769634
"1984-05-14",2.157068063
"1984-05-19",1.465968586
"1984-05-20",1.168586387
"1984-05-20",1.22513089
"1984-05-29",1.151832461
"1984-06-01",3.769633508
"1984-06-01",1.095052356
"1984-06-04",1.204188482
"1984-06-07",2.617801047
"1984-06-08",1.871204188
"1984-06-08",4.397905759
"1984-06-08",4.607329843
"1984-06-11",18.64648377
"1984-06-14",1.047120419
"1984-06-18",1.047120419
"1984-06-19",1.047120419
"1984-06-19",15.81151832
"1984-06-22",1.989528796
"1984-06-24",1.047120419
"1984-06-24",1.256544503
"1984-07-01",1.151832461
"1984-07-05",1.073298429
"1984-07-09",1.194420942
"1984-07-12",1.064361257
"1984-07-12",1.384293194
"1984-07-12",1.130890052
"1984-07-15",1.151832461
"1984-07-17",1.793717277
"1984-07-20",1.141361257
"1984-07-23",1.632905759
"1984-07-27",2.643979058
"1984-08-01",1.286896335
"1984-08-01",4.45026178
"1984-08-01",1.236649215
"1984-08-02",1.959162304
"1984-08-04",1.191050262
"1984-08-05",1.314433508
"1984-08-07",1.989528796
"1984-08-09",1.649570681
"1984-08-10",2.722513089
"1984-08-11",1.132420942
"1984-08-16",1.780104712
"1984-08-17",1.607329843
"1984-08-20",1.204188482
"1984-08-20",1.073298429
"1984-08-20",1.09947644
"1984-08-21",1.406282723
"1984-08-21",1.965445026
"1984-08-26",3.363190576
"1984-08-28",1.570680628
"1984-08-28",1.256544503
"1984-08-29",2.762440838
"1984-08-31",1.066485864
"1984-08-31",1.377950785
"1984-09-02",1.300253403
"1984-09-04",1.319371728
"1984-09-05",3.403141361
"1984-09-09",1.361256545
"1984-09-09",1.178010471
"1984-09-10",4.293193717
"1984-09-11",4.808376963
"1984-09-11",1.09947644
"1984-09-14",2.219895288
"1984-09-15",2.617801047
"1984-09-18",1.434496335
"1984-09-23",1.047120419
"1984-09-26",2.513089005
"1984-09-26",1.621459686
"1984-09-28",19.16230366
"1984-09-30",1.570680628
"1984-10-01",2.303664921
"1984-10-03",1.845554974
"1984-10-04",1.047120419
"1984-10-04",1.989528796
"1984-10-06",2.827225131
"1984-10-08",1.256544503
"1984-10-09",3.979057592
"1984-10-10",1.361256545
"1984-10-10",1.633507853
"1984-10-24",18.84816754
"1984-10-28",1.12565445
"1984-10-29",5.30557801
"1984-11-01",1.727748691
"1984-11-02",1.165342408
"1984-11-04",1.151832461
"1984-11-05",1.256544503
"1984-11-07",3.568586387
"1984-11-07",7.235602094
"1984-11-07",1.570680628
"1984-11-10",7.643979058
"1984-11-13",2.122003141
"1984-11-14",2.931937173
"1984-11-15",1.287958115
"1984-11-17",1.06800733
"1984-11-17",1.27561466
"1984-11-23",1.623036649
"1984-11-23",2.670157068
"1984-12-02",1.256544503
"1984-12-03",1.103048168
"1984-12-03",1.204188482
"1984-12-08",1.151832461
"1984-12-08",1.884816754
"1984-12-10",7.539267016
"1984-12-11",1.09947644
"1984-12-12",1.570680628
"1984-12-13",2.670157068
"1984-12-17",1.151832461
"1984-12-19",3.87434555
"1984-12-22",5.02617801
"1984-12-28",1.780104712
"1984-12-29",4.764397906
"1984-12-31",1.151832461
"1985-01-01",1.5
"1985-01-03",1.251
"1985-01-04",1.03
"1985-01-05",1.05
"1985-01-05",1.9
"1985-01-05",1.1
"1985-01-06",1.88175
"1985-01-07",1.007
"1985-01-07",1.63
"1985-01-07",1.025
"1985-01-08",1.007274
"1985-01-08",3.5
"1985-01-10",2.9
"1985-01-11",2.463137
"1985-01-11",4.625
"1985-01-11",1.03
"1985-01-11",1.4
"1985-01-12",1.077075
"1985-01-12",1.32
"1985-01-13",2.6
"1985-01-13",1.08
"1985-01-14",1.517
"1985-01-16",1.07
"1985-01-17",2.256823
"1985-01-20",1.788413
"1985-01-22",1.278896
"1985-01-24",4.609074
"1985-01-25",3.183
"1985-01-28",1.2
"1985-01-28",2.743
"1985-01-30",3
"1985-01-31",1.008938
"1985-02-08",1.004084
"1985-02-10",1.85
"1985-02-11",1.520994
"1985-02-11",1.250089
"1985-02-11",1
"1985-02-12",1.956
"1985-02-14",1.05
"1985-02-15",2.779
"1985-02-16",22.137567
"1985-02-17",1.445
"1985-02-17",1.0051
"1985-02-19",1
"1985-02-19",1
"1985-02-20",16.3
"1985-02-20",1.11
"1985-02-21",1.475
"1985-02-21",1.049873
"1985-02-23",1.753542
"1985-02-25",6.143355
"1985-02-27",1.23
"1985-03-03",1.939
"1985-03-04",46.5
"1985-03-05",1.241472
"1985-03-11",3.4
"1985-03-12",1
"1985-03-17",6.2
"1985-03-19",1.966237
"1985-03-20",2.17
"1985-03-22",1.296
"1985-03-23",1.555
"1985-03-27",1.15
"1985-03-28",1.33
"1985-03-28",4.124285
"1985-04-11",1.394239
"1985-04-12",4.761228
"1985-04-14",4.868852
"1985-04-19",4
"1985-04-21",1.6
"1985-04-24",7.085
"1985-04-26",1.765054
"1985-04-27",6.306654
"1985-04-28",1.25
"1985-04-28",1.2
"1985-04-29",1.226412
"1985-04-30",6.563
"1985-04-30",4.17
"1985-05-02",2.68
"1985-05-02",1.075
"1985-05-04",1.932957
"1985-05-05",1.375
"1985-05-06",1.25
"1985-05-07",3.38
"1985-05-09",1.3801
"1985-05-14",2.283
"1985-05-15",2.35
"1985-05-26",3.15
"1985-05-27",3.35
"1985-05-28",4
"1985-05-28",10.5
"1985-05-29",2.89
"1985-05-31",5.5
"1985-05-31",2.8
"1985-06-01",1.26
"1985-06-02",1.1
"1985-06-06",2.126759
"1985-06-10",2.2
"1985-06-11",1.07
"1985-06-12",9.2
"1985-06-13",1.5
"1985-06-15",1.65
"1985-06-16",12.225
"1985-06-18",1.4
"1985-06-19",14.239
"1985-06-22",1.085
"1985-06-22",1.05
"1985-06-27",2.65
"1985-06-27",2.123
"1985-06-28",5.2
"1985-06-28",1.825
"1985-06-29",1.1
"1985-07-02",1
"1985-07-02",2.065
"1985-07-06",1.2774
"1985-07-06",1.195
"1985-07-07",1.2
"1985-07-07",1.1
"1985-07-08",1.4
"1985-07-13",1.585
"1985-07-15",3.265042
"1985-07-15",1.2
"1985-07-16",2.433
"1985-07-22",1.6
"1985-07-28",2
"1985-08-02",4.76
"1985-08-03",1.165
"1985-08-04",1.372
"1985-08-06",1.2
"1985-08-06",1.65
"1985-08-06",1.7
"1985-08-07",1.3
"1985-08-14",1.1
"1985-08-16",1.1
"1985-08-19",1.241012
"1985-08-19",1.005
"1985-08-20",3.282
"1985-08-21",1.05
"1985-08-23",57.410636
"1985-08-24",1.088
"1985-08-24",1.118
"1985-08-25",2.67
"1985-08-28",1.0749
"1985-08-30",2.141
"1985-08-31",5.85
"1985-09-02",14.3
"1985-09-04",1.971
"1985-09-07",1.7
"1985-09-08",6.167
"1985-09-11",1.05
"1985-09-12",1.156058
"1985-09-13",3.58215
"1985-09-15",13.5
"1985-09-19",1.2015
"1985-09-19",1.65
"1985-09-23",1.3776
"1985-09-24",3.8
"1985-09-25",1.3255
"1985-09-25",4.05
"1985-09-29",6.7
"1985-10-02",1.16
"1985-10-03",1.5
"1985-10-06",1.06
"1985-10-10",1.491287
"1985-10-11",1.981813
"1985-10-12",1.5
"1985-10-12",3.21436
"1985-10-12",4.1
"1985-10-13",1
"1985-10-16",10.7
"1985-10-17",19.4
"1985-10-17",1.605603
"1985-10-18",1.132
"1985-10-18",2.255
"1985-10-19",2.02
"1985-10-20",1.231
"1985-10-22",4.1
"1985-10-25",7.23
"1985-10-26",1.85
"1985-10-29",1
"1985-10-30",2.56
"1985-11-05",1.553
"1985-11-05",1.7
"1985-11-06",1.045472
"1985-11-06",1.054
"1985-11-10",1
"1985-11-13",8.71
"1985-11-16",1.5
"1985-11-17",1.5
"1985-11-18",1.26106
"1985-11-19",1.055
"1985-11-27",1.282
"1985-11-29",1.3
"1985-12-03",1.3
"1985-12-04",1.422078
"1985-12-06",1
"1985-12-07",1.2
"1985-12-08",1.85
"1985-12-10",1.18
"1985-12-11",1.043
"1985-12-11",1
"1985-12-11",1.6
"1985-12-11",5.6
"1985-12-16",1.8
"1985-12-18",2.5
"1985-12-20",1.75
"1985-12-29",1.45
"1986-01-02",1.460945034
"1986-01-03",1.157184185
"1986-01-04",1.495756991
"1986-01-05",5.207328833
"1986-01-07",3.683702989
"1986-01-09",1.446480231
"1986-01-11",1.038657666
"1986-01-12",1.253616201
"1986-01-13",1.06075217
"1986-01-13",1.398264224
"1986-01-14",1.398264224
"1986-01-14",2.410800386
"1986-01-16",1.441851495
"1986-01-16",1.639344262
"1986-01-19",1.050626808
"1986-01-21",1.755062681
"1986-01-24",4.484088717
"1986-01-27",1.677917068
"1986-01-27",1.06075217
"1986-01-30",1
"1986-01-31",3.082931533
"1986-02-01",1.277724204
"1986-02-04",1.207328833
"1986-02-04",1.928640309
"1986-02-05",1.00289296
"1986-02-05",1.089681774
"1986-02-07",1.758129219
"1986-02-11",1.446480231
"1986-02-12",1.591128255
"1986-02-12",1.108968177
"1986-02-13",1.023109932
"1986-02-14",2.00096432
"1986-02-15",1.314310511
"1986-02-16",2.068466731
"1986-02-16",3.085824494
"1986-02-18",6.798457088
"1986-02-19",1.639344262
"1986-02-21",1.639344262
"1986-02-28",1.229508197
"1986-02-28",1.735776278
"1986-02-28",2.823416586
"1986-03-01",2.507232401
"1986-03-03",1.866739634
"1986-03-03",4.43587271
"1986-03-04",1.928640309
"1986-03-04",1.06075217
"1986-03-05",1.741465767
"1986-03-07",3.085824494
"1986-03-08",12.05400193
"1986-03-08",1.157184185
"1986-03-09",2.410800386
"1986-03-10",1.558341369
"1986-03-16",1.350048216
"1986-03-19",3.182256509
"1986-03-19",1.900663452
"1986-03-19",2.31436837
"1986-03-22",3.707810993
"1986-03-23",3.206364513
"1986-03-30",1.06075217
"1986-04-01",1.446480231
"1986-04-02",1.157184185
"1986-04-02",5.207328833
"1986-04-02",3.664416586
"1986-04-03",1.659228544
"1986-04-03",2.507232401
"1986-04-07",3.191899711
"1986-04-07",16.44165863
"1986-04-08",1.082931533
"1986-04-08",2.410800386
"1986-04-10",3.66924783
"1986-04-10",1.181292189
"1986-04-10",29.02603664
"1986-04-11",4.918032787
"1986-04-11",1.148505304
"1986-04-16",1.542912247
"1986-04-17",1.567020251
"1986-04-18",1.253616201
"1986-04-19",1.542912247
"1986-04-22",1.832208293
"1986-04-24",1.663452266
"1986-04-26",1.277724204
"1986-04-27",2.4435892
"1986-04-28",2.892960463
"1986-04-30",3.134040501
"1986-05-01",2.603664417
"1986-05-02",3.789778206
"1986-05-03",1.902603664
"1986-05-03",3.770438766
"1986-05-05",1.166827387
"1986-05-06",1.18900675
"1986-05-07",1.321118611
"1986-05-12",1.735776278
"1986-05-12",12.53616201
"1986-05-13",1.321118611
"1986-05-15",1.157184185
"1986-05-16",5.785920926
"1986-05-21",1.832208293
"1986-05-21",1.388979749
"1986-05-22",1.205400193
"1986-05-24",1.108968177
"1986-05-28",1.729357763
"1986-05-30",1.639344262
"1986-06-01",1.087648023
"1986-06-06",1.542912247
"1986-06-09",1.432015429
"1986-06-10",2.169720347
"1986-06-14",5.400192864
"1986-06-20",5.785920926
"1986-06-22",1.350048216
"1986-06-22",6.075216972
"1986-06-26",18.32208293
"1986-06-26",1.157184185
"1986-06-29",1.591128255
"1986-06-30",1.928640309
"1986-06-30",1.446480231
"1986-06-30",1.677917068
"1986-06-30",1.157184185
"1986-07-01",1.010998071
"1986-07-01",2.844744455
"1986-07-02",1.735776278
"1986-07-04",1.150433944
"1986-07-05",2.507232401
"1986-07-06",2.892960463
"1986-07-08",2.097396336
"1986-07-11",2.086499518
"1986-07-13",1.446480231
"1986-07-15",2.150289296
"1986-07-17",1.122092575
"1986-07-18",1.658630665
"1986-07-20",1.697203472
"1986-07-22",1.591128255
"1986-07-22",5.785920926
"1986-07-22",1.055930569
"1986-07-30",1.446480231
"1986-07-31",2.892960463
"1986-08-01",1.157184185
"1986-08-01",1.120540019
"1986-08-03",1.157184185
"1986-08-03",1.203375121
"1986-08-04",5.593056895
"1986-08-04",1.432979749
"1986-08-04",1.264320154
"1986-08-05",1.399228544
"1986-08-07",1.147703954
"1986-08-13",1.23823433
"1986-08-15",1.759884282
"1986-08-16",1.542912247
"1986-08-16",2.121504339
"1986-08-17",1.542912247
"1986-08-18",1.253616201
"1986-08-18",1.928640309
"1986-08-22",1.330761813
"1986-08-28",1.928640309
"1986-08-30",1.108968177
"1986-09-02",2.025072324
"1986-09-03",8.678881389
"1986-09-07",2.217936355
"1986-09-07",1.301832208
"1986-09-08",1.123896818
"1986-09-09",1.727579556
"1986-09-09",1.37415622
"1986-09-10",1.00695757
"1986-09-12",8.100289296
"1986-09-13",1.00289296
"1986-09-13",1.171648987
"1986-09-16",10.27000964
"1986-09-17",1.271395371
"1986-09-17",2.892960463
"1986-09-18",3.345232401
"1986-09-20",1.06075217
"1986-09-20",2.892960463
"1986-09-22",1.121504339
"1986-09-24",1.697203472
"1986-09-24",1.716489875
"1986-09-25",1.1024108
"1986-09-26",17.06846673
"1986-09-27",2.603664417
"1986-09-28",1.253616201
"1986-09-28",3.567984571
"1986-09-30",1.494696239
"1986-10-03",1.639344262
"1986-10-03",1.722275796
"1986-10-03",2.351012536
"1986-10-03",1.68756027
"1986-10-03",1.470588235
"1986-10-06",2.31436837
"1986-10-06",1.253616201
"1986-10-07",1.144429122
"1986-10-11",1.205400193
"1986-10-15",2.602700096
"1986-10-16",2.941793635
"1986-10-17",2.181292189
"1986-10-19",1.446480231
"1986-10-23",4.821600771
"1986-10-26",3.837994214
"1986-10-26",1.350048216
"1986-10-28",1.542912247
"1986-10-28",1.157184185
"1986-10-29",1.928640309
"1986-10-30",2.242044359
"1986-10-30",1.263259402
"1986-10-30",1.012536162
"1986-10-31",1.928640309
"1986-11-03",1.137897782
"1986-11-03",1.037608486
"1986-11-04",1.253616201
"1986-11-06",2.18756027
"1986-11-07",4.767295082
"1986-11-08",1.542912247
"1986-11-09",1.06075217
"1986-11-10",2.75216972
"1986-11-24",3.182256509
"1986-11-24",1.446480231
"1986-11-26",1.928640309
"1986-11-29",1.591128255
"1986-12-01",3.085824494
"1986-12-02",4.098360656
"1986-12-03",1.880424301
"1986-12-04",2.410800386
"1986-12-04",1.012536162
"1986-12-05",1.928640309
"1986-12-07",1.06075217
"1986-12-12",1.639344262
"1986-12-13",1.128254581
"1986-12-13",1.446480231
"1986-12-14",1.446480231
"1986-12-18",2.892960463
"1986-12-18",1.388621022
"1986-12-21",1.639344262
"1986-12-22",2.022179364
"1986-12-23",1.705159113
"1986-12-24",1.051108968
"1986-12-25",17.74349084
"1986-12-27",1.157184185
"1986-12-28",3.857280617
"1986-12-29",1.705159113
"1986-12-29",1.350048216
"1986-12-30",5.496624879
"1987-01-01",1.023191095
"1987-01-01",1.304267161
"1987-01-02",1.066790353
"1987-01-05",1.80890538
"1987-01-07",3.246753247
"1987-01-08",1.417439703
"1987-01-09",2.490723562
"1987-01-09",1.011131725
"1987-01-09",2.971243043
"1987-01-10",3.004638219
"1987-01-11",1.420222635
"1987-01-11",2.233766234
"1987-01-11",1.397959184
"1987-01-11",2.319109462
"1987-01-11",2.852504638
"1987-01-12",1.994434137
"1987-01-12",1.742115028
"1987-01-13",1.646567718
"1987-01-14",2.97309833
"1987-01-14",1.113172542
"1987-01-16",1.484230056
"1987-01-17",1.113172542
"1987-01-18",1.149350649
"1987-01-19",3.184601113
"1987-01-19",2.226345083
"1987-01-19",3.896103896
"1987-01-21",1.437847866
"1987-01-21",2.368274583
"1987-01-22",1.021335807
"1987-01-22",1.020408163
"1987-01-24",2.736549165
"1987-01-24",23.283859
"1987-01-25",1.391465677
"1987-01-25",1.391465677
"1987-01-26",2.040816327
"1987-01-26",1.020408163
"1987-01-30",2.153061224
"1987-02-02",1.066790353
"1987-02-06",1.391465677
"1987-02-06",1.459183673
"1987-02-09",4.990723562
"1987-02-09",1.057513915
"1987-02-10",4.128014842
"1987-02-11",1.076994434
"1987-02-12",1.502782931
"1987-02-13",1.021335807
"1987-02-15",4.5
"1987-02-16",3.107606679
"1987-02-18",2.254174397
"1987-02-19",1.757884972
"1987-02-21",1.398886827
"1987-02-22",1.252319109
"1987-02-25",4.498144712
"1987-02-27",2.41187384
"1987-03-02",2.105751391
"1987-03-02",3.188311688
"1987-03-05",3.684601113
"1987-03-07",1.576994434
"1987-03-08",1.651205937
"1987-03-08",2.523191095
"1987-03-11",1.669758813
"1987-03-12",1.90445269
"1987-03-20",1.85528757
"1987-03-22",1.623376623
"1987-03-26",1.85528757
"1987-03-28",2.319109462
"1987-03-29",1.437847866
"1987-03-30",3.038033395
"1987-03-30",1.256957328
"1987-04-01",1.244897959
"1987-04-01",3.896103896
"1987-04-02",1.113172542
"1987-04-04",1.280148423
"1987-04-05",6.586270872
"1987-04-06",1.085343228
"1987-04-06",1.606679035
"1987-04-07",1.298701299
"1987-04-09",1.762523191
"1987-04-13",1.113172542
"1987-04-17",1.250463822
"1987-04-17",1.235621521
"1987-04-18",1.113172542
"1987-04-24",4.823747681
"1987-04-24",2.425788497
"1987-04-25",3.147495362
"1987-04-26",1.618738404
"1987-04-27",1.521335807
"1987-04-28",1.85528757
"1987-04-29",7.142857143
"1987-04-30",1.217068646
"1987-05-02",1.113172542
"1987-05-04",1.576994434
"1987-05-06",1.623376623
"1987-05-06",1.762523191
"1987-05-13",1.391465677
"1987-05-14",1.159554731
"1987-05-14",11.13172542
"1987-05-16",1.113172542
"1987-05-22",1.85528757
"1987-05-23",1.669758813
"1987-05-23",12.52319109
"1987-05-24",2.040816327
"1987-05-28",5.751391466
"1987-05-28",5.565862709
"1987-05-29",5.751391466
"1987-05-30",1.113172542
"1987-06-01",4.174397032
"1987-06-03",8.812615955
"1987-06-03",3.780148423
"1987-06-05",32.46753247
"1987-06-06",2.087198516
"1987-06-08",3.293135436
"1987-06-08",3.339517625
"1987-06-10",1.390538033
"1987-06-11",1.623376623
"1987-06-13",4.452690167
"1987-06-14",1.05380334
"1987-06-16",1.391465677
"1987-06-24",1.391465677
"1987-06-25",1.669758813
"1987-06-25",1.690166976
"1987-07-01",1.317254174
"1987-07-06",4.406307978
"1987-07-06",1.391465677
"1987-07-06",2.133580705
"1987-07-08",1.20593692
"1987-07-12",1.363636364
"1987-07-15",2.397959184
"1987-07-17",3.246753247
"1987-07-19",1.069573284
"1987-07-28",2.875695733
"1987-07-30",1.020408163
"1987-07-30",1.113172542
"1987-08-04",1.816326531
"1987-08-06",1.356215213
"1987-08-07",1.484230056
"1987-08-07",2.782931354
"1987-08-11",1.614100186
"1987-08-17",29.03710575
"1987-08-18",18.5528757
"1987-08-22",2.504638219
"1987-08-24",3.06122449
"1987-08-25",1.16419295
"1987-09-02",1.113172542
"1987-09-06",1.363636364
"1987-09-09",1.07606679
"1987-09-12",1.512059369
"1987-09-15",1.847866419
"1987-09-15",16.88311688
"1987-09-16",1.391465677
"1987-09-18",1.901669759
"1987-09-18",1.448979592
"1987-09-19",1.768089054
"1987-09-19",1.020408163
"1987-09-21",1.579777365
"1987-09-22",1.20593692
"1987-09-24",1.516697588
"1987-09-24",1.020408163
"1987-09-24",1.85528757
"1987-09-27",1.20593692
"1987-09-28",1.020408163
"1987-09-30",1.224489796
"1987-10-03",1.004638219
"1987-10-03",7.792207792
"1987-10-03",1.349721707
"1987-10-05",27.82931354
"1987-10-05",4.174397032
"1987-10-06",5.899814471
"1987-10-08",1.006493506
"1987-10-11",1.50742115
"1987-10-11",1.20593692
"1987-10-12",1.113172542
"1987-10-12",12.0593692
"1987-10-14",2.319109462
"1987-10-16",3.339517625
"1987-10-17",1.159554731
"1987-10-18",2.372912801
"1987-10-19",1.096474954
"1987-10-20",1.104823748
"1987-10-22",1.252319109
"1987-10-24",3.650278293
"1987-10-25",1.391465677
"1987-10-26",1.298701299
"1987-10-27",6.307977737
"1987-10-30",9.461966605
"1987-10-30",2.875695733
"1987-10-31",1.683673469
"1987-11-01",3.481447124
"1987-11-01",7.606679035
"1987-11-03",1.391465677
"1987-11-05",3.896103896
"1987-11-06",1.125231911
"1987-11-07",11.59554731
"1987-11-08",3.076994434
"1987-11-11",2.115027829
"1987-11-14",1.85528757
"1987-11-15",1.756957328
"1987-11-16",1.484230056
"1987-11-18",3.06122449
"1987-11-21",1.576994434
"1987-11-29",1.734693878
"1987-12-02",1.762523191
"1987-12-02",1.289424861
"1987-12-06",1.468460111
"1987-12-07",5.194805195
"1987-12-07",1.948051948
"1987-12-09",4.118738404
"1987-12-09",4.962894249
"1987-12-12",5.102040816
"1987-12-12",1.345083488
"1987-12-12",1.075139147
"1987-12-13",7.101113173
"1987-12-13",2.070500928
"1987-12-14",2.41187384
"1987-12-14",1.237476809
"1987-12-16",2.040816327
"1987-12-17",1.298701299
"1987-12-17",2.894248609
"1987-12-17",1.066790353
"1987-12-19",1.391465677
"1987-12-19",1.530612245
"1987-12-20",1.048237477
"1987-12-23",1.178107607
"1987-12-29",1.345083488
"1987-12-30",2.040816327
"1987-12-31",1.669758813
"1988-01-01",1.618456078
"1988-01-01",1.027506655
"1988-01-03",16.41526176
"1988-01-04",1.508429459
"1988-01-08",1.685891748
"1988-01-10",1.330967169
"1988-01-15",2.30700976
"1988-01-19",1.92014197
"1988-01-20",3.771073647
"1988-01-21",1.15350488
"1988-01-22",5.094055013
"1988-01-23",2.956521739
"1988-01-23",1.798580302
"1988-01-23",1.552795031
"1988-01-25",1.330967169
"1988-01-26",1.887311446
"1988-01-29",1.774622893
"1988-01-30",1.330967169
"1988-02-01",6.015971606
"1988-02-06",3.261756877
"1988-02-09",1.166814552
"1988-02-10",2.520851819
"1988-02-11",1.293700089
"1988-02-14",18.42413487
"1988-02-17",1.064773736
"1988-02-19",1.955634428
"1988-02-19",2.040816327
"1988-02-21",7.985803017
"1988-02-22",3.49689441
"1988-02-29",6.511091393
"1988-02-29",1.259982254
"1988-03-02",1.853593611
"1988-03-03",1.552795031
"1988-03-07",1.267080745
"1988-03-08",2.129547471
"1988-03-09",2.706299911
"1988-03-12",1.552795031
"1988-03-12",1.330967169
"1988-03-14",1.467613132
"1988-03-14",2.30700976
"1988-03-18",1.90771961
"1988-03-19",1.242236025
"1988-03-21",1.211180124
"1988-03-24",1.996450754
"1988-03-25",38.15439219
"1988-04-06",2.129547471
"1988-04-09",2.48447205
"1988-04-12",1.690328305
"1988-04-13",1.765749778
"1988-04-14",1.538598048
"1988-04-14",1.685891748
"1988-04-16",1.242236025
"1988-04-19",1.330967169
"1988-04-20",1.982253771
"1988-04-20",1.863354037
"1988-04-23",1.885536823
"1988-04-24",5.210292813
"1988-04-24",1.15350488
"1988-04-24",1.788819876
"1988-04-26",5.767524401
"1988-04-26",1.330967169
"1988-04-26",6.832298137
"1988-04-29",1.36202307
"1988-04-29",3.549245785
"1988-04-30",1.375332742
"1988-04-30",2.30700976
"1988-05-08",2.661934339
"1988-05-08",7.542147294
"1988-05-09",5.681455191
"1988-05-09",9.228039042
"1988-05-11",1.080745342
"1988-05-11",1.612244898
"1988-05-12",1.242236025
"1988-05-12",1.356699201
"1988-05-12",1.508429459
"1988-05-13",2.30700976
"1988-05-15",1.375332742
"1988-05-16",1.552795031
"1988-05-17",27.33806566
"1988-05-19",1.237799468
"1988-05-23",1.192546584
"1988-05-25",1.277728483
"1988-05-26",1.330967169
"1988-05-26",7.542147294
"1988-05-27",2.223602484
"1988-05-27",1.15350488
"1988-05-29",1.787932564
"1988-05-29",1.437444543
"1988-05-29",6.140195209
"1988-05-30",1.616681455
"1988-05-31",2.094055013
"1988-05-31",11.80124224
"1988-06-01",2.972493345
"1988-06-03",1.952085182
"1988-06-03",2.488021295
"1988-06-05",3.992901508
"1988-06-05",2.222715173
"1988-06-05",25.28837622
"1988-06-06",2.440106477
"1988-06-06",3.726708075
"1988-06-06",3.752440106
"1988-06-10",1.641526176
"1988-06-13",1.242236025
"1988-06-15",1.242236025
"1988-06-16",4.436557232
"1988-06-21",1.064773736
"1988-06-21",1.197870453
"1988-06-24",2.395740905
"1988-06-24",10.20408163
"1988-06-29",1.774622893
"1988-06-29",2.320319432
"1988-06-29",2.30700976
"1988-07-01",1.087843833
"1988-07-01",1.142857143
"1988-07-01",1.15350488
"1988-07-01",1.866903283
"1988-07-02",2.48447205
"1988-07-04",2.573203194
"1988-07-05",1.121561668
"1988-07-06",5.989352263
"1988-07-08",2.50931677
"1988-07-09",1.328305235
"1988-07-12",1.045252884
"1988-07-14",1.387755102
"1988-07-16",1.15350488
"1988-07-18",1.286601597
"1988-07-18",1.047027507
"1988-07-19",4.614019521
"1988-07-19",20.45252884
"1988-07-19",2.218278616
"1988-07-20",5.323868678
"1988-07-26",1.216503993
"1988-07-30",7.098491571
"1988-08-08",1.330967169
"1988-08-09",1.774622893
"1988-08-10",3.01242236
"1988-08-12",47.01952085
"1988-08-15",1.100266193
"1988-08-18",2.309671695
"1988-08-21",1.145519077
"1988-08-21",1.376220053
"1988-08-22",1.142857143
"1988-08-24",2.896184561
"1988-08-24",1.774622893
"1988-08-29",1.354037267
"1988-09-01",24.57852706
"1988-09-04",2.261756877
"1988-09-05",4.436557232
"1988-09-05",1.348713398
"1988-09-06",15.88287489
"1988-09-06",1.020408163
"1988-09-08",1.262644188
"1988-09-08",2.661934339
"1988-09-09",1.051464064
"1988-09-11",1.952085182
"1988-09-14",1.357586513
"1988-09-17",1.641526176
"1988-09-18",7.542147294
"1988-09-19",2.218278616
"1988-09-19",5.501330967
"1988-09-20",2.211180124
"1988-09-22",1.477373558
"1988-09-27",1.641526176
"1988-09-27",1.020408163
"1988-10-01",3.283052351
"1988-10-04",25.9538598
"1988-10-04",1.064773736
"1988-10-08",4.081632653
"1988-10-08",2.28837622
"1988-10-17",1.100266193
"1988-10-20",2.838509317
"1988-10-20",3.194321207
"1988-10-23",1.597160603
"1988-10-28",1.774622893
"1988-10-29",1.721384206
"1988-11-02",2.333629104
"1988-11-03",4.494232476
"1988-11-05",8.873114463
"1988-11-05",2.676131322
"1988-11-07",1.1472937
"1988-11-07",1.330967169
"1988-11-10",1.508429459
"1988-11-11",1.242236025
"1988-11-14",1.109139308
"1988-11-18",6.211180124
"1988-11-19",1.73025732
"1988-11-19",1.15350488
"1988-11-20",1.055900621
"1988-11-21",1.879325643
"1988-11-23",1.401952085
"1988-11-26",1.419698314
"1988-11-27",2.715173026
"1988-12-02",4.081632653
"1988-12-02",1.752440106
"1988-12-05",1.088731145
"1988-12-06",3.549245785
"1988-12-06",1.283052351
"1988-12-08",2.173913043
"1988-12-09",2.839396628
"1988-12-12",3.371783496
"1988-12-12",1.330967169
"1988-12-14",4.614019521
"1988-12-15",10.82519965
"1988-12-16",5.767524401
"1988-12-17",1.109139308
"1988-12-17",31.05590062
"1988-12-18",3.105590062
"1988-12-18",1.330967169
"1988-12-25",1.685891748
"1988-12-26",3.992901508
"1989-01-02",1.84081287
"1989-01-03",1.282811177
"1989-01-05",5.376799323
"1989-01-09",1.361558002
"1989-01-11",1.058425064
"1989-01-11",1.00338696
"1989-01-14",2.963590178
"1989-01-15",1.270956816
"1989-01-15",1.905165114
"1989-01-17",4.233700254
"1989-01-17",1.947502117
"1989-01-19",2.911092295
"1989-01-20",24.55546147
"1989-01-21",1.227773074
"1989-01-24",1.219305673
"1989-01-24",3.268416596
"1989-01-26",4.82641829
"1989-01-26",1.6596105
"1989-01-29",1.214225233
"1989-01-31",1.016088061
"1989-02-02",1.523285351
"1989-02-02",2.684165961
"1989-02-05",1.562235394
"1989-02-06",1.121083827
"1989-02-13",1.014394581
"1989-02-14",42.09144793
"1989-02-14",1.693480102
"1989-02-14",1.640135478
"1989-02-15",1.947502117
"1989-02-15",4.657070279
"1989-02-15",1.058425064
"1989-02-18",1.116003387
"1989-02-22",1.524132091
"1989-02-23",1.392040644
"1989-02-27",1.227773074
"1989-03-04",14.39458086
"1989-03-06",1.130397968
"1989-03-07",1.744284505
"1989-03-07",1.947502117
"1989-03-08",1.185436071
"1989-03-14",2.565622354
"1989-03-16",1.148179509
"1989-03-17",2.176121931
"1989-03-19",1.33107536
"1989-03-23",20.86367485
"1989-03-23",1.894157494
"1989-03-23",2.116850127
"1989-03-24",1.651143099
"1989-03-27",1.058425064
"1989-03-27",9.229466554
"1989-04-01",1.143099069
"1989-04-03",5.927180356
"1989-04-04",1.198137172
"1989-04-05",1.774767146
"1989-04-06",1.875529213
"1989-04-09",5.66469094
"1989-04-12",1.100762066
"1989-04-14",4.149026249
"1989-04-16",1.283657917
"1989-04-17",1.058425064
"1989-04-19",2.201524132
"1989-04-20",1.289585097
"1989-04-21",1.354784081
"1989-04-23",4.416596105
"1989-04-24",1.270110076
"1989-04-26",14.39458086
"1989-04-28",2.686706181
"1989-04-28",1.693480102
"1989-04-28",1.624047417
"1989-04-30",3.386960203
"1989-05-02",4.064352244
"1989-05-03",1.301439458
"1989-05-04",1.270110076
"1989-05-06",1.553767993
"1989-05-06",1.476714649
"1989-05-07",1.189669771
"1989-05-11",1.016088061
"1989-05-11",10.13717189
"1989-05-13",2.66299746
"1989-05-13",1.045723963
"1989-05-15",3.810330229
"1989-05-18",1.270110076
"1989-05-19",1.693480102
"1989-05-21",1.481795089
"1989-05-22",1.524132091
"1989-05-23",2.963590178
"1989-05-24",1.181202371
"1989-05-24",1.565622354
"1989-05-24",3.048264183
"1989-05-25",3.33784928
"1989-05-25",1.457239627
"1989-05-26",1.016088061
"1989-05-29",4.301439458
"1989-06-02",2.032176122
"1989-06-04",4.022015241
"1989-06-05",1.121930567
"1989-06-08",1.879762913
"1989-06-11",2.201524132
"1989-06-11",1.270110076
"1989-06-12",1.734123624
"1989-06-13",1.16850127
"1989-06-13",6.773920406
"1989-06-16",1.176968671
"1989-06-17",4.50042337
"1989-06-17",2.213378493
"1989-06-21",1.016088061
"1989-06-21",1.862828112
"1989-06-23",2.201524132
"1989-06-27",1.219305673
"1989-06-27",5.715495343
"1989-06-28",6.435224386
"1989-06-28",5.50381033
"1989-06-28",2.540220152
"1989-06-28",5.080440305
"1989-06-29",5.080440305
"1989-07-03",2.032176122
"1989-07-05",4.091447925
"1989-07-06",1.901778154
"1989-07-08",4.82641829
"1989-07-10",2.132091448
"1989-07-10",1.569856054
"1989-07-13",1.253175275
"1989-07-18",1.270110076
"1989-07-18",3.099068586
"1989-07-18",1.910245555
"1989-07-20",1.295512278
"1989-07-22",2.540220152
"1989-07-23",2.487722269
"1989-07-24",2.286198137
"1989-07-24",1.405588484
"1989-07-25",1.102455546
"1989-07-26",1.016088061
"1989-07-28",3.852667231
"1989-07-28",12.80186283
"1989-07-28",1.608806097
"1989-07-30",1.524132091
"1989-07-31",1.972904318
"1989-08-02",1.270110076
"1989-08-03",1.784928027
"1989-08-04",16.08806097
"1989-08-04",1.439458086
"1989-08-04",152.4132091
"1989-08-05",1.439458086
"1989-08-05",3.130397968
"1989-08-07",6.287044877
"1989-08-08",2.777307367
"1989-08-09",1.033022862
"1989-08-10",1.016088061
"1989-08-11",14.01354784
"1989-08-18",1.270110076
"1989-08-22",1.215071973
"1989-08-23",8.367485182
"1989-08-23",1.058425064
"1989-08-23",1.117696867
"1989-08-24",3.810330229
"1989-08-25",1.100762066
"1989-08-26",1.520745131
"1989-08-27",1.487722269
"1989-08-27",3.386960203
"1989-08-28",4.657070279
"1989-08-28",2.277730737
"1989-08-29",1.041490262
"1989-08-30",1.176968671
"1989-08-30",1.524132091
"1989-08-31",1.288738357
"1989-09-04",1.270110076
"1989-09-04",3.773920406
"1989-09-09",1.198137172
"1989-09-10",2.352243861
"1989-09-11",1.066892464
"1989-09-11",1.066892464
"1989-09-11",9.398814564
"1989-09-11",1.270110076
"1989-09-14",5.770533446
"1989-09-14",1.049957663
"1989-09-14",1.536833192
"1989-09-16",1.083827265
"1989-09-18",1.879762913
"1989-09-21",1.278577477
"1989-09-22",1.354784081
"1989-09-24",3.979678239
"1989-09-25",5.249788315
"1989-09-25",1.565622354
"1989-09-25",12.70110076
"1989-09-26",4.572396274
"1989-09-27",2.921253175
"1989-09-28",1.778154107
"1989-09-29",1.524132091
"1989-09-29",11.6850127
"1989-10-01",2.116850127
"1989-10-02",1.733276884
"1989-10-02",2.540220152
"1989-10-07",1.176121931
"1989-10-20",6.011854361
"1989-10-22",32.38780694
"1989-10-23",10.58425064
"1989-10-24",1.642675699
"1989-10-24",3.386960203
"1989-10-26",1.016088061
"1989-11-10",4.868755292
"1989-11-11",1.528365792
"1989-11-12",1.100762066
"1989-11-13",1.079593565
"1989-11-13",1.693480102
"1989-11-14",18.62828112
"1989-11-15",1.731583404
"1989-11-16",3.810330229
"1989-11-16",1.100762066
"1989-11-19",1.83742591
"1989-11-20",1.016088061
"1989-11-29",4.657070279
"1989-11-29",1.314987299
"1989-11-30",1.524132091
"1989-12-03",2.286198137
"1989-12-03",1.016088061
"1989-12-05",1.885690093
"1989-12-06",1.311600339
"1989-12-06",1.227773074
"1989-12-08",1.100762066
"1989-12-09",3.386960203
"1989-12-13",1.634208298
"1989-12-14",1.013547841
"1989-12-15",1.726502964
"1989-12-18",3.810330229
"1989-12-18",2.456392887
"1989-12-19",2.686706181
"1989-12-20",1.00338696
"1989-12-22",1.015241321
"1989-12-25",1.862828112
"1989-12-29",1.083827265
"1989-12-30",2.116850127
"1989-12-30",4.149026249
"1989-12-31",1.016088061
"1989-12-31",1.016088061
"1989-12-31",1.176968671
"1990-01-01",1.877062706
"1990-01-06",1.268151815
"1990-01-08",1.356435644
"1990-01-10",7.425742574
"1990-01-12",1.134488449
"1990-01-13",1.329207921
"1990-01-17",1.287128713
"1990-01-19",1.565181518
"1990-01-20",1.072607261
"1990-01-20",2.310231023
"1990-01-24",1.094059406
"1990-01-25",2.617161716
"1990-01-26",1.99009901
"1990-01-26",1.987623762
"1990-01-30",1.155940594
"1990-01-31",3.378712871
"1990-02-05",1.2169967
"1990-02-07",1.951320132
"1990-02-08",4.125412541
"1990-02-09",1.402640264
"1990-02-09",1.02640264
"1990-02-11",1.707920792
"1990-02-12",1.237623762
"1990-02-12",3.300330033
"1990-02-18",1.278877888
"1990-02-19",2.981023102
"1990-02-20",4.075907591
"1990-02-22",3.712871287
"1990-02-26",1.237623762
"1990-02-27",1.031353135
"1990-02-27",1.454620462
"1990-03-07",1.689768977
"1990-03-10",2.367986799
"1990-03-11",3.465346535
"1990-03-12",1.237623762
"1990-03-15",1.064356436
"1990-03-17",1.423267327
"1990-03-19",1.485148515
"1990-03-20",2.475247525
"1990-03-22",1.73679868
"1990-03-23",10.99834983
"1990-03-25",1.084983498
"1990-03-27",1.155115512
"1990-03-28",1.258250825
"1990-03-29",1.897689769
"1990-04-02",1.00660066
"1990-04-02",1.108910891
"1990-04-02",1.031353135
"1990-04-03",1.320132013
"1990-04-03",1.902640264
"1990-04-04",8.250825083
"1990-04-07",1.094884488
"1990-04-08",2.887788779
"1990-04-08",2.302805281
"1990-04-09",1.735973597
"1990-04-11",3.217821782
"1990-04-13",1.084983498
"1990-04-18",1.485148515
"1990-04-18",2.499174917
"1990-04-18",4.867986799
"1990-04-20",1.105610561
"1990-04-25",12.37623762
"1990-04-25",1.74669967
"1990-04-30",3.589108911
"1990-05-01",1.021452145
"1990-05-02",3.465346535
"1990-05-03",4.537953795
"1990-05-03",5.198019802
"1990-05-04",2.675742574
"1990-05-07",1.275577558
"1990-05-07",1.650165017
"1990-05-09",3.300330033
"1990-05-09",1.320132013
"1990-05-17",1.485148515
"1990-05-18",2.5330033
"1990-05-18",3.855610561
"1990-05-22",1.208745875
"1990-05-25",1.290429043
"1990-05-25",2.805280528
"1990-05-25",1.265676568
"1990-05-26",5.612211221
"1990-05-27",1.443894389
"1990-05-30",2.103960396
"1990-06-03",2.475247525
"1990-06-04",1.815181518
"1990-06-06",1.495049505
"1990-06-06",2.04290429
"1990-06-07",1.070957096
"1990-06-07",1.237623762
"1990-06-11",2.062706271
"1990-06-14",1.017326733
"1990-06-15",1.650165017
"1990-06-15",15.28465347
"1990-06-15",2.293729373
"1990-06-16",1.072607261
"1990-06-18",4.537953795
"1990-06-27",1.237623762
"1990-07-01",10.18481848
"1990-07-01",1.664191419
"1990-07-05",2.310231023
"1990-07-05",6.372937294
"1990-07-09",1.410891089
"1990-07-10",1.114686469
"1990-07-10",1.870462046
"1990-07-13",2.062706271
"1990-07-15",1.068481848
"1990-07-15",1.670792079
"1990-07-15",1.318481848
"1990-07-16",1.115511551
"1990-07-17",2.062706271
"1990-07-18",1.072607261
"1990-07-19",4.290429043
"1990-07-20",2.982673267
"1990-07-20",1.021452145
"1990-07-21",8.085808581
"1990-07-21",3.176567657
"1990-07-22",1.654290429
"1990-07-23",1.265676568
"1990-07-23",1.081683168
"1990-07-23",1.084158416
"1990-07-24",2.805280528
"1990-07-24",2.163366337
"1990-07-27",1.278877888
"1990-07-28",1.320957096
"1990-07-28",1.339108911
"1990-07-28",1.48349835
"1990-07-28",1.822607261
"1990-07-29",6.20049505
"1990-07-31",13.20132013
"1990-08-02",4.314356436
"1990-08-04",2.407590759
"1990-08-06",1.364686469
"1990-08-10",1.005775578
"1990-08-11",2.145214521
"1990-08-13",1.901815182
"1990-08-13",1.461221122
"1990-08-14",20.82673267
"1990-08-14",5.940594059
"1990-08-14",2.722772277
"1990-08-14",2.762376238
"1990-08-15",1.027227723
"1990-08-17",1.141914191
"1990-08-18",1.646039604
"1990-08-19",1.770627063
"1990-08-20",4.125412541
"1990-08-21",1.98019802
"1990-08-22",1.320132013
"1990-08-22",1.00660066
"1990-08-22",8.250825083
"1990-08-26",1.113861386
"1990-08-29",1.650165017
"1990-08-29",1.26650165
"1990-08-30",1.553630363
"1990-08-30",4.084158416
"1990-08-31",1.448844884
"1990-09-08",14.85148515
"1990-09-11",1.596534653
"1990-09-15",3.877887789
"1990-09-19",2.021452145
"1990-09-20",1.650165017
"1990-09-27",1.010726073
"1990-09-27",1.485148515
"1990-09-30",1.278877888
"1990-10-01",1.02310231
"1990-10-01",4.702970297
"1990-10-02",3.135313531
"1990-10-03",1.864686469
"1990-10-03",2.037953795
"1990-10-04",2.145214521
"1990-10-04",1.155115512
"1990-10-07",1.056105611
"1990-10-08",144.6575908
"1990-10-10",28.63036304
"1990-10-12",19.26567657
"1990-10-12",5.528052805
"1990-10-15",1.54290429
"1990-10-16",4.620462046
"1990-10-19",1.072607261
"1990-10-19",3.712871287
"1990-10-23",1.014026403
"1990-10-29",1.113861386
"1990-11-07",2.339933993
"1990-11-10",1.938943894
"1990-11-11",1.237623762
"1990-11-13",3.052805281
"1990-11-13",1.409240924
"1990-11-15",2.553630363
"1990-11-23",5.775577558
"1990-11-27",1.134488449
"1990-11-29",3.407590759
"1990-11-29",1.072607261
"1990-11-30",1.167491749
"1990-11-30",1.072607261
"1990-12-04",1.270627063
"1990-12-05",1.472772277
"1990-12-06",1.03630363
"1990-12-07",1.650165017
"1990-12-08",1.678217822
"1990-12-09",2.640264026
"1990-12-09",1.601485149
"1990-12-10",17.73927393
"1990-12-14",4.372937294
"1990-12-15",1.361386139
"1990-12-16",1.183993399
"1990-12-17",2.97029703
"1990-12-19",1.02310231
"1990-12-20",1.130363036
"1990-12-21",3.011551155
"1990-12-21",1.402640264
"1990-12-22",2.322607261
"1990-12-23",1.115511551
"1990-12-23",1.691419142
"1990-12-24",1.237623762
"1990-12-27",1.114686469
"1990-12-30",1.402640264
"1990-12-30",4.867986799
"1990-12-30",1.072607261
"1990-12-31",4.125412541
